World,Region,Country
World,East Asia and Pacific,American Samoa
World,East Asia and Pacific,Australia
World,East Asia and Pacific,Brunei Darussalam
World,East Asia and Pacific,Cambodia
World,East Asia and Pacific,China
World,East Asia and Pacific,Fiji
World,East Asia and Pacific,French Polynesia
World,East Asia and Pacific,Guam
World,East Asia and Pacific,Hong Kong SAR China
World,East Asia and Pacific,Indonesia
World,East Asia and Pacific,Japan
World,East Asia and Pacific,Kiribati
World,East Asia and Pacific,Korea Dem. People's Rep.
World,East Asia and Pacific,Korea Rep.
World,East Asia and Pacific,Lao PDR
World,East Asia and Pacific,Macao SAR China
World,East Asia and Pacific,Malaysia
World,East Asia and Pacific,Marshall Islands
World,East Asia and Pacific,Micronesia Fed. Sts.
World,East Asia and Pacific,Mongolia
World,East Asia and Pacific,Myanmar
World,East Asia and Pacific,Nauru
World,East Asia and Pacific,New Caledonia
World,East Asia and Pacific,New Zealand
World,East Asia and Pacific,Northern Mariana Islands
World,East Asia and Pacific,Palau
World,East Asia and Pacific,Philippines
World,East Asia and Pacific,Samoa
World,East Asia and Pacific,Singapore
World,East Asia and Pacific,Solomon Islands
World,East Asia and Pacific,Taiwan China
World,East Asia and Pacific,Thailand
World,East Asia and Pacific,Timor-Leste
World,East Asia and Pacific,Papua New Guinea
World,East Asia and Pacific,Tonga
World,East Asia and Pacific,Tuvalu
World,East Asia and Pacific,Vanuatu
World,East Asia and Pacific,Vietnam
World,Europe and Central Asia,Albania
World,Europe and Central Asia,Andorra
World,Europe and Central Asia,Armenia
World,Europe and Central Asia,Austria
World,Europe and Central Asia,Azerbaijan
World,Europe and Central Asia,Belarus
World,Europe and Central Asia,Belgium
World,Europe and Central Asia,Bosnia and Herzegovina
World,Europe and Central Asia,Bulgaria
World,Europe and Central Asia,Channel Islands
World,Europe and Central Asia,Croatia
World,Europe and Central Asia,Cyprus
World,Europe and Central Asia,Czech Republic
World,Europe and Central Asia,Denmark
World,Europe and Central Asia,Estonia
World,Europe and Central Asia,Faroe Islands
World,Europe and Central Asia,Finland
World,Europe and Central Asia,France
World,Europe and Central Asia,Georgia
World,Europe and Central Asia,Germany
World,Europe and Central Asia,Gibraltar
World,Europe and Central Asia,Greece
World,Europe and Central Asia,Greenland
World,Europe and Central Asia,Hungary
World,Europe and Central Asia,Iceland
World,Europe and Central Asia,Ireland
World,Europe and Central Asia,Isle of Man
World,Europe and Central Asia,Italy
World,Europe and Central Asia,Kazakhstan
World,Europe and Central Asia,Kosovo
World,Europe and Central Asia,Kyrgyz Republic
World,Europe and Central Asia,Latvia
World,Europe and Central Asia,Liechtenstein
World,Europe and Central Asia,Lithuania
World,Europe and Central Asia,Luxembourg
World,Europe and Central Asia,Macedonia FYR
World,Europe and Central Asia,Moldova
World,Europe and Central Asia,Monaco
World,Europe and Central Asia,Montenegro
World,Europe and Central Asia,Netherlands
World,Europe and Central Asia,Norway
World,Europe and Central Asia,Poland
World,Europe and Central Asia,Portugal
World,Europe and Central Asia,Romania
World,Europe and Central Asia,Russian Federation
World,Europe and Central Asia,San Marino
World,Europe and Central Asia,Serbia
World,Europe and Central Asia,Slovak Republic
World,Europe and Central Asia,Slovenia
World,Europe and Central Asia,Spain
World,Europe and Central Asia,Sweden
World,Europe and Central Asia,Switzerland
World,Europe and Central Asia,Tajikistan
World,Europe and Central Asia,Turkey
World,Europe and Central Asia,Turkmenistan
World,Europe and Central Asia,Ukraine
World,Europe and Central Asia,United Kingdom
World,Europe and Central Asia,Uzbekistan
World,Latin America & the Caribbean,Antigua and Barbuda
World,Latin America & the Caribbean,Argentina
World,Latin America & the Caribbean,Aruba
World,Latin America & the Caribbean,Bahamas The
World,Latin America & the Caribbean,Barbados
World,Latin America & the Caribbean,Belize
World,Latin America & the Caribbean,Bolivia
World,Latin America & the Caribbean,Brazil
World,Latin America & the Caribbean,British Virgin Islands
World,Latin America & the Caribbean,Cayman Islands
World,Latin America & the Caribbean,Chile
World,Latin America & the Caribbean,Colombia
World,Latin America & the Caribbean,Costa Rica
World,Latin America & the Caribbean,Cuba
World,Latin America & the Caribbean,Curacao
World,Latin America & the Caribbean,Dominica
World,Latin America & the Caribbean,Dominican Republic
World,Latin America & the Caribbean,Ecuador
World,Latin America & the Caribbean,El Salvador
World,Latin America & the Caribbean,Grenada
World,Latin America & the Caribbean,Guatemala
World,Latin America & the Caribbean,Guyana
World,Latin America & the Caribbean,Haiti
World,Latin America & the Caribbean,Honduras
World,Latin America & the Caribbean,Jamaica
World,Latin America & the Caribbean,Mexico
World,Latin America & the Caribbean,Nicaragua
World,Latin America & the Caribbean,Panama
World,Latin America & the Caribbean,Paraguay
World,Latin America & the Caribbean,Peru
World,Latin America & the Caribbean,Puerto Rico
World,Latin America & the Caribbean,Sint Maarten (Dutch part)
World,Latin America & the Caribbean,St. Kitts and Nevis
World,Latin America & the Caribbean,St. Lucia
World,Latin America & the Caribbean,St. Martin (French part)
World,Latin America & the Caribbean,St. Vincent and the Grenadines
World,Latin America & the Caribbean,Suriname
World,Latin America & the Caribbean,Trinidad and Tobago
World,Latin America & the Caribbean,Turks and Caicos Islands
World,Latin America & the Caribbean,Uruguay
World,Latin America & the Caribbean,Venezuela RB
World,Latin America & the Caribbean,Virgin Islands (U.S.)
World,Middle East and North Africa,Algeria
World,Middle East and North Africa,Bahrain
World,Middle East and North Africa,Djibouti
World,Middle East and North Africa,Egypt  Arab Rep.
World,Middle East and North Africa,Iran  Islamic Rep.
World,Middle East and North Africa,Iraq
World,Middle East and North Africa,Israel
World,Middle East and North Africa,Jordan
World,Middle East and North Africa,Kuwait
World,Middle East and North Africa,Lebanon
World,Middle East and North Africa,Libya
World,Middle East and North Africa,Malta
World,Middle East and North Africa,Morocco
World,Middle East and North Africa,Oman
World,Middle East and North Africa,Qatar
World,Middle East and North Africa,Saudi Arabia
World,Middle East and North Africa,Syrian Arab Republic
World,Middle East and North Africa,Tunisia
World,Middle East and North Africa,United Arab Emirates
World,Middle East and North Africa,West Bank and Gaza
World,Middle East and North Africa,Yemen Rep.
World,North America,Bermuda
World,North America,Canada
World,North America,United States
World,South Asia,Afghanistan
World,South Asia,Bangladesh
World,South Asia,Bhutan
World,South Asia,India
World,South Asia,Maldives
World,South Asia,Nepal
World,South Asia,Pakistan
World,South Asia,Sri Lanka
World,Sub-Saharan Africa,Angola
World,Sub-Saharan Africa,Benin
World,Sub-Saharan Africa,Botswana
World,Sub-Saharan Africa,Burkina  Faso
World,Sub-Saharan Africa,Burundi
World,Sub-Saharan Africa,Cabo  Verde
World,Sub-Saharan Africa,Cameroon
World,Sub-Saharan Africa,Central  African Republic
World,Sub-Saharan Africa,Chad
World,Sub-Saharan Africa,Comoros
World,Sub-Saharan Africa,Congo  Dem. Rep.
World,Sub-Saharan Africa,Congo  Rep
World,Sub-Saharan Africa,Côte  d'Ivoire
World,Sub-Saharan Africa,Equatorial  Guinea
World,Sub-Saharan Africa,Eritrea
World,Sub-Saharan Africa,Ethiopia
World,Sub-Saharan Africa,Gabon
World,Sub-Saharan Africa,Gambia The
World,Sub-Saharan Africa,Ghana
World,Sub-Saharan Africa,Guinea
World,Sub-Saharan Africa,Guinea-Bissau
World,Sub-Saharan Africa,Kenya
World,Sub-Saharan Africa,Lesotho
World,Sub-Saharan Africa,Liberia
World,Sub-Saharan Africa,Madagascar
World,Sub-Saharan Africa,Malawi
World,Sub-Saharan Africa,Mali
World,Sub-Saharan Africa,Mauritania
World,Sub-Saharan Africa,Mauritius
World,Sub-Saharan Africa,Mozambique
World,Sub-Saharan Africa,Namibia
World,Sub-Saharan Africa,Niger
World,Sub-Saharan Africa,Nigeria
World,Sub-Saharan Africa,Rwanda
World,Sub-Saharan Africa,São Tomé and Principe
World,Sub-Saharan Africa,Senegal
World,Sub-Saharan Africa,Seychelles
World,Sub-Saharan Africa,Sierra Leone
World,Sub-Saharan Africa,Somalia
World,Sub-Saharan Africa,South Africa
World,Sub-Saharan Africa,South Sudan
World,Sub-Saharan Africa,Sudan
World,Sub-Saharan Africa,Swaziland
World,Sub-Saharan Africa,Tanzania
World,Sub-Saharan Africa,Togo
World,Sub-Saharan Africa,Uganda
World,Sub-Saharan Africa,Zambia
World,Sub-Saharan Africa,Zimbabwe
